{"0":{"precision":0.3333333333,"recall":1.0,"f1-score":0.5,"support":1},"1":{"precision":0.0,"recall":0.0,"f1-score":0.0,"support":2},"accuracy":0.3333333333,"macro avg":{"precision":0.1666666667,"recall":0.5,"f1-score":0.25,"support":3},"weighted avg":{"precision":0.1111111111,"recall":0.3333333333,"f1-score":0.1666666667,"support":3}}